100002	core
100003	core
100008	core
100013	core
100014	core
100016	core
100017	core
100018	core
100021	core
100022	core
100026	core
100027	core
100028	core
100029	core
100030	core
100032	core
100033	core
100035	core
100036	core
100038	core
100039	core
100041	core
100043	core
100044	core
100045	core
100046	core
100052	core
100060	core
100062	core
100069	core
100070	core
100072	core
100074	core
100076	core
100077	core
100078	core
100080	core
100084	core
100085	core
100086	core
100087	core
100088	core
100089	core
100093	core
100094	core
100097	core
100099	core
100105	core
100106	core
100107	core
100108	core
100111	core
100113	core
100117	core
100119	core
100121	core
100122	core
100123	core
100128	core
100133	core
100136	core
100138	core
100139	core
100140	core
100141	core
100142	core
100143	core
100144	core
100146	core
100148	core
100149	core
100150	core
100151	core
100153	core
100154	core
100155	core
100159	core
100160	core
100161	core
100162	core
100166	core
100167	core
100169	core
100170	core
100177	core
100179	core
100183	core
100185	core
100186	core
100187	core
100189	core
100190	core
100193	core
100194	core
100195	core
100196	core
100197	core
100199	core
100200	core
100201	core
100203	core
100204	core
100205	core
100206	core
100208	core
100209	core
100211	core
100212	core
100214	core
100215	core
100217	core
100218	core
100225	core
100226	core
100230	core
100231	core
100232	core
100233	core
100235	core
100236	core
100238	core
100240	core
100242	core
100243	core
100244	core
100245	core
100246	core
100247	core
100248	core
100249	core
100250	core
100251	core
100252	core
100253	core
100254	core
100255	core
100256	core
100258	core
100259	core
100260	core
100262	core
100263	core
100265	core
100267	core
100268	core
100271	core
100272	core
100273	core
100276	core
100278	core
100280	core
100282	core
100289	core
100294	core
100296	core
100303	core
100320	core
100323	core
100332	core
100344	core
100349	core
100353	core
100360	core
100362	core
100369	core
100370	core
100379	core
100389	core
100404	core
100409	core
100412	core
100414	core
100418	core
100419	core
100429	core
100431	core
100434	core
100441	core
100451	core
100453	core
100457	core
100463	core
100470	core
100475	core
100478	core
100479	core
100484	core
100492	core
100502	core
100504	core
100506	core
100510	core
100515	core
100519	core
100525	core
100528	core
100530	core
100532	core
100533	core
100534	core
100535	core
100537	core
100538	core
100539	core
100558	core
100561	core
100562	core
100567	core
100568	core
100575	core
100584	core
100591	core
100600	core
100602	core
100606	core
100619	core
100622	core
100631	core
100636	core
100639	core
100644	core
100646	core
100648	core
100651	core
100652	core
100653	core
100655	core
100664	core
100667	core
100668	core
100669	core
100671	core
100672	core
100690	core
100692	core
100695	core
100696	core
100700	core
100701	core
100707	core
100714	core
100715	core
100722	core
100723	core
100725	core
100726	core
100730	core
100734	core
100740	core
100741	core
100742	core
100743	core
100760	core
100773	core
100779	core
100781	core
100782	core
100784	core
100787	core
100796	core
100810	core
100832	core
100836	core
100839	core
100847	core
100850	core
100864	core
100870	core
100872	core
100873	core
100875	core
100877	core
100878	core
100884	core
100887	core
100901	core
100902	core
100909	core
100912	core
100918	core
100933	core
100939	core
100941	core
100944	core
100956	core
100968	core
100974	core
100979	core
100980	core
100986	core
100989	core
100993	core
101001	core
101002	core
101021	core
101029	core
101057	core
101059	core
101060	core
101065	core
101068	core
101072	core
101076	core
101077	core
101085	core
101088	core
101092	core
101097	core
101109	core
101112	core
101116	core
101120	core
101132	core
101136	core
101146	core
101151	core
101152	core
101156	core
101157	core
101160	core
101167	core
101168	core
101176	core
101184	core
101186	core
101188	core
101191	core
101202	core
101211	core
101230	core
101244	core
101246	core
101247	core
101248	core
101255	core
101258	core
101289	core
101292	core
101293	core
101294	core
101295	core
101296	core
101297	core
101300	core
101301	core
101302	core
101303	core
101304	core
101306	core
101308	core
101309	core
101310	core
101313	core
101314	core
101315	core
101316	core
101319	core
101321	core
101326	core
101327	core
101328	core
101334	core
101336	core
101337	core
101338	core
101342	core
101345	core
101346	core
101349	core
101352	core
101354	core
101356	core
101359	core
101361	core
101362	core
101364	core
101365	core
101367	core
101369	core
101372	core
101373	core
101374	core
101375	core
101378	core
101379	core
101380	core
101382	core
101385	core
101386	core
101387	core
101389	core
101391	core
101392	core
101393	core
101396	core
101397	core
101398	core
101399	core
101400	core
101401	core
101402	core
101410	core
101413	core
101415	core
101420	core
101421	core
101429	core
101431	core
101433	core
101439	core
101440	core
101444	core
101446	core
101448	core
101455	core
101456	core
101489	core
101490	core
101493	core
101494	core
101500	core
101521	core
101522	core
101531	core
101551	core
101556	core
101559	core
101561	core
101565	core
101589	core
101609	core
101619	core
101627	core
101630	core
101633	core
101637	core
101655	core
101673	core
101687	core
101689	core
101694	core
101695	core
101696	core
101704	core
101705	core
101707	core
101711	core
101714	core
101729	core
101737	core
101745	core
101747	core
101752	core
101756	core
101757	core
101762	core
101763	core
101769	core
101770	core
101789	core
101819	core
101820	core
101830	core
101831	core
101835	core
101848	core
101855	core
101866	core
101887	core
101908	core
101919	core
101937	core
101938	core
101940	core
101946	core
101948	core
101959	core
101963	core
101975	core
101985	core
101987	core
102001	core
102007	core
102016	core
102021	core
102040	core
102056	core
102057	core
102060	core
102072	core
102079	core
102082	core
102087	core
102101	core
102104	core
102108	core
102111	core
102113	core
102121	core
102133	core
102135	core
102143	core
102152	core
102155	core
102160	core
102163	core
102166	core
102175	core
102181	core
102190	core
102191	core
102194	core
102218	core
102222	core
102224	core
102228	core
102238	core
102242	core
102267	core
102268	core
102270	core
102272	core
102274	core
102279	core
102281	core
102282	core
102284	core
102285	core
102286	core
102287	core
102289	core
102292	core
102293	core
102295	core
102297	core
102298	core
102302	core
102303	core
102311	core
102316	core
102317	core
102319	core
102320	core
102321	core
102322	core
102324	core
102327	core
102328	core
102330	core
102331	core
102335	core
102336	core
102337	core
102340	core
102344	core
102346	core
102349	core
102350	core
102351	core
102353	core
102355	core
102363	core
102366	core
102369	core
102371	core
102372	core
102378	core
102386	core
102387	core
102388	core
102393	core
102394	core
102395	core
102396	core
102397	core
102399	core
102400	core
102412	core
102422	core
102424	core
102438	core
102444	core
102445	core
102446	core
102447	core
102450	core
102452	core
102453	core
102454	core
102455	core
102456	core
102459	core
102460	core
102463	core
102469	core
102470	core
102473	core
102478	core
102479	core
102480	core
102482	core
102483	core
102485	core
102486	core
102489	core
102492	core
102494	core
102497	core
102499	core
102500	core
102504	core
102506	core
102508	core
102509	core
102510	core
102511	core
102512	core
102514	core
102517	core
102519	core
102520	core
102527	core
102528	core
102530	core
102538	core
102540	core
102544	core
102545	core
102547	core
102549	core
102552	core
102556	core
102558	core
102563	core
102570	core
102580	core
102584	core
102589	core
102602	core
102607	core
102608	core
102609	core
102612	core
102616	core
102617	core
102619	core
102625	core
102631	core
102633	core
102634	core
102670	core
102681	core
102690	core
102710	core
102711	core
102715	core
102720	core
102760	core
102763	core
102775	core
102777	core
102778	core
102779	core
102781	core
102782	core
102783	core
102784	core
102786	core
102787	core
102789	core
102794	core
102805	core
102813	core
102816	core
102831	core
102845	core
102873	core
102876	core
102882	core
102900	core
102922	core
102926	core
102930	core
102932	core
102933	core
102948	core
102955	core
102969	core
102990	core
102993	core
102994	core
103004	core
103007	core
103017	core
103022	core
103056	core
103069	core
103074	core
103075	core
103090	core
103094	core
103097	core
103099	core
103126	core
103135	core
103137	core
103158	core
103166	core
103186	core
103189	core
103190	core
103217	core
103230	core
103237	core
103272	core
103279	core
103288	core
103298	core
103302	core
103306	core
103307	core
103310	core
103318	core
103326	core
103331	core
103335	core
103344	core
103374	core
103383	core
103405	core
103409	core
103411	core
103418	core
103439	core
103449	core
103454	core
103456	core
103457	core
103465	core
103475	core
103476	core
103482	core
103483	core
103486	core
103488	core
103504	core
103508	core
103552	core
103656	core
103681	core
103682	core
103683	core
103684	core
103686	core
103689	core
103690	core
103691	core
103692	core
103693	core
103694	core
103695	core
103696	core
103697	core
103702	core
103703	core
103707	core
103733	core
103734	core
103736	core
103740	core
103741	core
103761	core
103794	core
103800	core
103813	core
103815	core
103835	core
103844	core
103852	core
103868	core
103875	core
103891	core
103899	core
103901	core
103912	core
103916	core
103921	core
103923	core
103928	core
103932	core
103937	core
103940	core
103949	core
103954	core
103958	core
103960	core
103961	core
103966	core
103967	core
103971	core
103972	core
103973	core
103987	core
103990	core
103992	core
103998	core
104006	core
104014	core
104016	core
104018	core
104019	core
104036	core
104038	core
104041	core
104052	core
104055	core
104070	core
104081	core
104083	core
104086	core
104088	core
104099	core
104113	core
104114	core
104115	core
104117	core
104129	core
104137	core
104138	core
104145	core
104150	core
104158	core
104162	core
104163	core
104165	core
104194	core
104196	core
104200	core
104205	core
104207	core
104221	core
104234	core
104236	core
104245	core
104248	core
104250	core
104252	core
104253	core
104254	core
104256	core
104262	core
104267	core
104271	core
104275	core
104282	core
104284	core
104289	core
104296	core
104308	core
104317	core
104323	core
104328	core
104329	core
104337	core
104339	core
104341	core
104345	core
104351	core
104352	core
104356	core
104369	core
104379	core
104385	core
104388	core
104389	core
104390	core
104392	core
104397	core
104402	core
104404	core
104409	core
104425	core
104426	core
104431	core
104447	core
104451	core
104463	core
104468	core
104474	core
104487	core
104490	core
104491	core
104492	core
104498	core
104501	core
104507	core
104526	core
104533	core
104544	core
104557	core
104593	core
104600	core
104601	core
104612	core
104632	core
104637	core
104639	core
104643	core
104644	core
